Text;QR Code Title (for reference)
88994249994105;
889942219905841;
889946429903874;
889942219905841;
889948289909583;
889948289909587;
889942049901198;
889942499905092;
889942499905093;
889942219905546;
889942219905541;
889942219905543;
889942219905656;
889942219905658;
889946429903878;
889948029902636;
889948039902634;
884948039902635;
889948039902630;
88994249994105;
88994259901603;
405332401300150;
889946319907873;
889946519901749;
889946519901750;
889942429901835;
889946519901747;
889942429901834;
889946319907871;
889946519901745;
889942429901836;
889942259901607;
889942499905064;
889944089900465;
706738480000177;
;
889948289909581;
889948289909596;
889948289909595;
889948289909582;
889942259901396;
889942049901199;
889942499904327;
889942499904326;
889942259901788;
889942259901782;
889942219905857;
889942259901669;
889942259901668;
889942259901785;
889942219905856;
88774249708134;
889942219905473;
889946429903872;
889942049901201;
;
889942259901292;
889942219905473;
889942259901610;
